CNPJ_Fundo;Data_Referencia;Versao;Nome_Endereco_Imovel;Caracteristicas_Contratuais
00.332.266/0001-31;2016-12-31;2;Via Parque Shopping;Contratos típicos de 5 anos, ajustados anualmente pelo indíce IGP-DI ou IPCA com garantia de Fiadores.
00.762.723/0001-28;2016-12-31;2;CTI;Os contratos de locação são dos imóveis do Fundo  preveem  período de de garantia de permanência, multa rescisória, necessidade de aviso prévio para rescisão contratual pelo o locatário, correção anual do valor da locação pelo IGP-M.
00.868.235/0001-08;2016-12-31;1;Hotel;Contrato de arrendamento com a Accor
00.868.235/0001-08;2016-12-31;1;ABS;Contratos majoritriamente corrigidos pelo IGP-M e com prazo de 5 anos
01.201.140/0001-90;2016-12-31;2;Grand Plaza Shopping;Contratos típicos de 5 anos, ajustados anualmente pelo indíce IGP-DI com garantia de Fiadores.
01.235.622/0001-61;2016-12-31;1;Primeiro De Março, 19;Multa por atraso superior
01.235.622/0001-61;2016-12-31;1;Av. Mem De Sá;Multa por atraso maior e isenção de multa de rescisão com aviso prévio de 3 meses.
01.235.622/0001-61;2016-12-31;1;Avenida Brasil, 20384;Prazo contratual superior, índice de reajuste pelo IPCA, garantia a partir de nota promissória, isenção de multa rescisória a partir de determinado tempo de contrato desde que dado aviso prévio de 90 dias,
01.235.622/0001-61;2016-12-31;1;Barão De Mesquita 164;Prazo contratual superior, obras de adequação realizadas pelo Locador com majoração do valor do aluguel
01.235.622/0001-61;2016-12-31;1;Cardeal Leme;Índice de reajuste pelo IGP-DI em um dos contratos. Contratos com isenção de multa por rescisão a partir de determinado tempo transcorrido. Um dos contratos sem a apresentação de garantia.
01.235.622/0001-61;2016-12-31;1;Carioca;Multa por atraso superior. Obrigação e Responsabilidade do Locatário em adequações e manutenções específicas nos imóveis.
01.235.622/0001-61;2016-12-31;1;Cesbon;Contrato com garantia de permanência por todo o prazo contratual, sob pena de pagamento a título de multa dos meses em aberto em caráter imediato. Garantia hipotecária.
01.235.622/0001-61;2016-12-31;1;Città América;Contratos com garantia de permanência por prazo determinado sob pena de pagamento de multa referente ao restante do prazo determinado e aviso de rescisão superior a 30 dias. Contratos com isenção de multa a partir de determinado período. Contratos com isenção de garantia e garantia mediante depósito. Um dos contratos com índice de reajuste pelo IPCA e prazo inferior aos 60 meses.
01.235.622/0001-61;2016-12-31;1;Città Office;Isenção de multa de rescisão a partir de determinado prazo, desde que realizado aviso prévio de 180 dias. Multa por atraso superior a 2%. Impossibilidade de alienar o imóvel a terceiros, enquanto não averbada a locação a menos que se obtenha do futuro comprador a garantia de que o contrato será cumprido, sob pena de pagamento de multa em caso de não cumprimento que resulte a saída do Locatário antes do término do contrato.
01.235.622/0001-61;2016-12-31;1;Conde De Bonfim, 149;Multa por atraso maior e data para pagamento de aluguel diferente.
01.235.622/0001-61;2016-12-31;1;Dom Gerardo, 46;Prazos menores e maiores a 60 meses, Multa para o Locador em caso de extinção do usufruto durante a vigência do contrato. Isenção de garantia
01.235.622/0001-61;2016-12-31;1;Golden Corporate;Aviso prévio para devolução superior a 30 dias. Penalidade em caso de não cumprimento de aviso prédio. Devolução de carência e desconto em caso de rescisão antecipada, sem isentar a multa por rescisão. Isenção de multa por rescisão antecipada após certo período do contrato de locação
01.235.622/0001-61;2016-12-31;1;Largo De Santa Rita, 10 (Vot);Multa por atraso maior e isenção de multa após determinado período, desde que dado aviso prévio de 90 dias.
01.235.622/0001-61;2016-12-31;1;Marechal Câmara 160;Prazo contratual superior, índice de reajuste pelo IPCA, Isenção de multa após transcorrido determinado prazo e desde que respeitado o aviso prévio, impossibilidade de retenção pelo Locatário de todas as benfeitorias realizadas no imóvel.
01.235.622/0001-61;2016-12-31;1;Rio Branco 255/257;Impossibilidade de retenção pelo Locatário de todas as benfeitorias realizadas no imóvel.
01.235.622/0001-61;2016-12-31;1;Senhor Dos Passos 107;Multa por atraso superior. Multa por rescisão em caso de contrato em prazo indeterminado e desde que não cumprido o aviso prévio estabelecido
01.235.622/0001-61;2016-12-31;1;Sete De Setembro N° 155;Multa por atraso superior.
01.235.622/0001-61;2016-12-31;1;Teófilo Otoni Nº 24;Multa por atraso superior.
01.235.622/0001-61;2016-12-31;1;Travessa Do Ouvidor, 9;Multa por atraso superior.
01.235.622/0001-61;2016-12-31;1;Uruguaiana 76;Multa por atraso superior.
01.235.622/0001-61;2016-12-31;1;Uruguaiana 78;Multa por atraso superior, prazo contratual maior e devolução de desconto em caso de rescisão antecipada
01.497.954/0001-14;2016-12-31;1;Nada;Nada
01.601.918/0001-59;2016-12-31;1;Eusébio Matoso;Contrato com correção anual pela variação positiva do IPCA
01.601.918/0001-59;2016-12-31;1;Dantas Barreto;Contrato com correção anual pela variação positiva do IPC-FIP
01.601.918/0001-59;2016-12-31;1;Joaquim Floriano;Contrato com correção anual pela variação positiva do IPC-FIP
01.633.741/0001-72;2016-12-31;1;Rua Júlio Gonzales, 132;Garantia caução em dinheiro
01.636.325/0001-28;2016-12-31;1;Moinhos Shopping;Lojas que pagam diferença semestral de aluguel minimo
01.636.325/0001-28;2016-12-31;1;Moinhos Shopping;Lojas que pagam diferença anual de aluguel minimo
01.636.325/0001-28;2016-12-31;1;Moinhos Shopping;Lojas que pagam o aluguel através de percentual estabelecido sobre as vendas
01.636.325/0001-28;2016-12-31;1;Moinhos Shopping;Lojas que tem custo de ocupação fixo e aluguel variável
01.657.856/0001-05;2016-12-31;1;Rua Junqueira Ayres, 165 - Barris - Salvador - BA;Os contratos obdecem as mesmas caracteristicas, os locatários tem o mesmo tratamento contratual
02.027.437/0001-44;2016-12-31;1;Ed Brasílio Machado;Os contratos de locação são dos imóveis do Fundo  preveem  período de de garantia de permanência, multa rescisória, necessidade de aviso prévio para rescisão contratual pelo o locatário, correção anual do valor da locação pelo IGP-M.
02.508.235/0001-14;2016-12-31;1;Contagem;Os contratos são típicos, corrigidos anualmente pela variação positiva do IGPM. As demais cláusulas são confidenciais.
03.251.720/0001-18;2016-12-31;2;Av. Francisco Matarazzo, 1500;Garantia caução em dinheiro
03.507.519/0001-59;2016-12-31;2;Shopping Patio Higienópolis;Contratos típicos de 5 anos, ajustados anualmente pelo indíce IGP-M ou IGP-DI com garantia de Fiadores.
03.683.056/0001-86;2016-12-31;4;JK FINANCIAL CENTER;Os contratos são majoritaramente reajustados anualmente pelo IGP-M e pelo prazo de 5 anos.
03.683.056/0001-86;2016-12-31;4;JATOBÁ;Os contratos são majoritaramente reajustados anualmente pelo IGP-M e pelo prazo de 5 anos.
03.683.056/0001-86;2016-12-31;4;PARQUE PAULISTA;Os contratos são majoritaramente reajustados anualmente pelo IGP-M e pelo prazo de 5 anos.
03.683.056/0001-86;2016-12-31;4;NEW CENTURY;Os contratos são majoritaramente reajustados anualmente pelo IGP-M e pelo prazo de 5 anos.
03.683.056/0001-86;2016-12-31;4;CETENCO PLAZA;Os contratos são majoritaramente reajustados anualmente pelo IGP-M e pelo prazo de 5 anos.
03.683.056/0001-86;2016-12-31;4;INTERNACIONAL RIO;Os contratos são majoritaramente reajustados anualmente pelo IGP-M e pelo prazo de 5 anos.
03.683.056/0001-86;2016-12-31;4;CANDELÁRIA CORPORATE;Os contratos são majoritaramente reajustados anualmente pelo IGP-M e pelo prazo de 5 anos.
03.683.056/0001-86;2016-12-31;4;PQ CULTURAL PAULISTA;Os contratos são majoritaramente reajustados anualmente pelo IPCA e pelo prazo de 5 anos.
04.066.582/0001-60;2016-12-31;2;Hospital da Criança;Não possui caracteristicas que destoem dos demais
04.141.645/0001-03;2016-12-31;1;RUA DAS OLIMPIADAS, 205;Reajuste pelo IGPM 62%
04.722.883/0001-02;2016-12-31;2;Centro Empresarial Nações Unidas;Não possui caracteristicas que destoem dos demais
04.782.236/0001-88;2016-12-31;2;Rua Dona Francisca, 8300 - Distrito Industrial -  joinville - SC;Garantia Contratual - Titulo de Capitalização
05.437.916/0001-27;2016-12-31;1;Rodovia Anhanguera, s/n KM 17,5;Indexador de reajuste IPC-FIPE
05.562.312/0001-02;2016-12-31;2;Edifício Almirante Barroso;Não possui caracteristicas que destoem dos demais
06.175.262/0001-73;2016-12-31;1;Avenida Paulista, 1728, São Paulo/SP (1ª ANDAR);Reajuste anual por indexador vinculado à inflação (IGP-M ou IPCA). Todos contratos típicos de locação, multa em caso de rescisão antecipada equivalente a 3 meses do valor do aluguel à época, calculados de maneira proporcional ao decurso do prazo do contrato.
06.175.262/0001-73;2016-12-31;1;Avenida Paulista, 1728, São Paulo/SP (SL E 2ª ANDAR);Reajuste anual por indexador vinculado à inflação (IGP-M ou IPCA). Todos contratos típicos de locação, multa em caso de rescisão antecipada equivalente a 3 meses do valor do aluguel à época, calculados de maneira proporcional ao decurso do prazo do contrato.
06.175.262/0001-73;2016-12-31;1;Avenida Paulista, 1728, São Paulo/SP (3º ANDAR);Reajuste anual por indexador vinculado à inflação (IGP-M ou IPCA). Todos contratos típicos de locação, multa em caso de rescisão antecipada equivalente a 3 meses do valor do aluguel à época, calculados de maneira proporcional ao decurso do prazo do contrato.
06.175.262/0001-73;2016-12-31;1;Avenida Paulista, 1728, São Paulo/SP (10º ANDAR);Reajuste anual por indexador vinculado à inflação (IGP-M ou IPCA). Todos contratos típicos de locação, multa em caso de rescisão antecipada equivalente a 3 meses do valor do aluguel à época, calculados de maneira proporcional ao decurso do prazo do contrato.
06.175.262/0001-73;2016-12-31;1;Avenida Paulista, 1728, São Paulo/SP (11º ANDAR);Reajuste anual por indexador vinculado à inflação (IGP-M ou IPCA). Todos contratos típicos de locação, multa em caso de rescisão antecipada equivalente a 3 meses do valor do aluguel à época, calculados de maneira proporcional ao decurso do prazo do contrato.
06.175.262/0001-73;2016-12-31;1;Avenida Paulista, 1728, São Paulo/SP (12º ANDAR);Reajuste anual por indexador vinculado à inflação (IGP-M ou IPCA). Todos contratos típicos de locação, multa em caso de rescisão antecipada equivalente a 3 meses do valor do aluguel à época, calculados de maneira proporcional ao decurso do prazo do contrato.
06.175.262/0001-73;2016-12-31;1;Avenida Paulista, 1728, São Paulo/SP (13º ANDAR);Reajuste anual por indexador vinculado à inflação (IGP-M ou IPCA). Todos contratos típicos de locação, multa em caso de rescisão antecipada equivalente a 3 meses do valor do aluguel à época, calculados de maneira proporcional ao decurso do prazo do contrato.
06.175.262/0001-73;2016-12-31;1;Avenida Paulista, 1728, São Paulo/SP (14º ANDAR);Reajuste anual por indexador vinculado à inflação (IGP-M ou IPCA). Todos contratos típicos de locação, multa em caso de rescisão antecipada equivalente a 3 meses do valor do aluguel à época, calculados de maneira proporcional ao decurso do prazo do contrato.
07.000.400/0001-46;2016-12-31;1;SEDE I;O contrato possui duas revisionais no quinto e oitavo ano.
07.122.725/0001-00;2016-12-31;2;Edificio Torre Almirante;Não possui caracteristicas que destoem dos demais
07.224.019/0001-60;2016-12-31;2;Parque Dom Pedro Shopping;Não possui caracteristicas que destoem dos demais
07.352.632/0001-63;2016-12-31;2;Rodoshopping Fernão Dias;Não possui caracteristicas que destoem dos demais
07.583.627/0001-61;2016-12-31;1;Não aplicavel;Não aplicável
07.789.135/0001-27;2016-12-31;3;BPS - BOTAFOGO PRAIA SHOPPING;N/A
07.789.135/0001-27;2016-12-31;3;CNB - CONJUNTO NACIONAL BRASILIA;N/A
07.789.135/0001-27;2016-12-31;3;CVS - CENTER VALE SHOPPING;N/A
08.014.513/0001-63;2016-12-31;2;Hospital e Maternidade;Não possui caracteristicas que destoem dos demais
08.098.114/0001-28;2016-12-31;2;ABC - Shopping ABC;Não possui caracteristicas que destoem dos demais
08.098.114/0001-28;2016-12-31;2;VIX;Não possui caracteristicas que destoem dos demais
08.098.114/0001-28;2016-12-31;2;TIJ - Loja de Rua Tijuca;Não possui caracteristicas que destoem dos demais
08.098.114/0001-28;2016-12-31;2;SVP-Shopp.Piedade Barris;Não possui caracteristicas que destoem dos demais
08.098.114/0001-28;2016-12-31;2;SVB - Shopping Barra;Não possui caracteristicas que destoem dos demais
08.098.114/0001-28;2016-12-31;2;SPC - Loja de Rua Centro;Não possui caracteristicas que destoem dos demais
08.098.114/0001-28;2016-12-31;2;SLZ - Loja de Rua Centro;Não possui caracteristicas que destoem dos demais
08.098.114/0001-28;2016-12-31;2;SIR-Shopp.C.Iguatemi Rio;Não possui caracteristicas que destoem dos demais
08.098.114/0001-28;2016-12-31;2;REC - Loja de Rua Centro;Não possui caracteristicas que destoem dos demais
08.098.114/0001-28;2016-12-31;2;OUV - Loja de Rua Centro;Não possui caracteristicas que destoem dos demais
08.098.114/0001-28;2016-12-31;2;NOR - Norte Shopping;Não possui caracteristicas que destoem dos demais
08.098.114/0001-28;2016-12-31;2;NIT - Plaza Shopping;Não possui caracteristicas que destoem dos demais
08.098.114/0001-28;2016-12-31;2;NIG - Loja de Rua Centro;Não possui caracteristicas que destoem dos demais
08.098.114/0001-28;2016-12-31;2;MCO-Shopp.Center Iguatemi;Não possui caracteristicas que destoem dos demais
08.098.114/0001-28;2016-12-31;2;GOI Goiania Shopping;Não possui caracteristicas que destoem dos demais
08.098.114/0001-28;2016-12-31;2;FOS - Iguatemi Fortaleza;Não possui caracteristicas que destoem dos demais
08.098.114/0001-28;2016-12-31;2;Ed. Santa Catarina;Não possui caracteristicas que destoem dos demais
08.098.114/0001-28;2016-12-31;2;EC - Escritório Central;Não possui caracteristicas que destoem dos demais
08.098.114/0001-28;2016-12-31;2;DQE - Loja de Rua Centro;Não possui caracteristicas que destoem dos demais
08.098.114/0001-28;2016-12-31;2;CPK-Shopp.Parque D.Pedro;Não possui caracteristicas que destoem dos demais
08.098.114/0001-28;2016-12-31;2;COP-Lj de Rua Copacabana;Não possui caracteristicas que destoem dos demais
08.098.114/0001-28;2016-12-31;2;COP- GAR;Não possui caracteristicas que destoem dos demais
08.098.114/0001-28;2016-12-31;2;CBS-Shopp.Center Curitiba;Não possui caracteristicas que destoem dos demais
08.098.114/0001-28;2016-12-31;2;CAC - Loja de Rua Centro;Não possui caracteristicas que destoem dos demais
08.098.114/0001-28;2016-12-31;2;BPB-Pátio Brasil Shopping;Não possui caracteristicas que destoem dos demais
08.098.114/0001-28;2016-12-31;2;BHM - Minas Shopping;Não possui caracteristicas que destoem dos demais
08.098.114/0001-28;2016-12-31;2;BHD - Shopp.Del Rey;Não possui caracteristicas que destoem dos demais
08.098.114/0001-28;2016-12-31;2;BHC - Loja de Rua;Não possui caracteristicas que destoem dos demais
08.098.114/0001-28;2016-12-31;2;BEI - Shopping Iguatemi Belém;Não possui caracteristicas que destoem dos demais
08.417.532/0001-30;2016-12-31;1;Posto de Combustível;Contratos de locação típicos, com prazo de 5 (cinco) anos, multa rescisória, necessidade de aviso prévio para rescisão contratual pelo o locatário, correção anual do valor da locação pelo IGP-M.
08.417.532/0001-30;2016-12-31;1;Posto de Combustível;Contratos de locação típicos, com prazo de 5 (cinco) anos, multa rescisória, necessidade de aviso prévio para rescisão contratual pelo o locatário, correção anual do valor da locação pelo IGP-M.
08.417.532/0001-30;2016-12-31;1;Posto de Combustível;Contratos de locação típicos, com prazo de 5 (cinco) anos, multa rescisória, necessidade de aviso prévio para rescisão contratual pelo o locatário, correção anual do valor da locação pelo IGP-M.
08.417.532/0001-30;2016-12-31;1;Posto de Combustível;Contratos de locação típicos, com prazo de 5 (cinco) anos, multa rescisória, necessidade de aviso prévio para rescisão contratual pelo o locatário, correção anual do valor da locação pelo IGP-M.
08.417.532/0001-30;2016-12-31;1;Posto de Combustível;Contratos de locação típicos, com prazo de 5 (cinco) anos, multa rescisória, necessidade de aviso prévio para rescisão contratual pelo o locatário, correção anual do valor da locação pelo IGP-M.
08.417.532/0001-30;2016-12-31;1;Posto de Combustível;Contratos de locação típicos, com prazo de 5 (cinco) anos, multa rescisória, necessidade de aviso prévio para rescisão contratual pelo o locatário, correção anual do valor da locação pelo IGP-M.
08.417.532/0001-30;2016-12-31;1;Posto de Combustível;Contratos de locação típicos, com prazo de 5 (cinco) anos, multa rescisória, necessidade de aviso prévio para rescisão contratual pelo o locatário, correção anual do valor da locação pelo IGP-M.
08.417.532/0001-30;2016-12-31;1;Posto de Combustível;Contratos de locação típicos, com prazo de 5 (cinco) anos, multa rescisória, necessidade de aviso prévio para rescisão contratual pelo o locatário, correção anual do valor da locação pelo IGP-M.
08.417.532/0001-30;2016-12-31;1;Posto de Combustível;Contratos de locação típicos, com prazo de 5 (cinco) anos, multa rescisória, necessidade de aviso prévio para rescisão contratual pelo o locatário, correção anual do valor da locação pelo IGP-M.
08.417.532/0001-30;2016-12-31;1;Posto de Combustível;Contratos de locação típicos, com prazo de 5 (cinco) anos, multa rescisória, necessidade de aviso prévio para rescisão contratual pelo o locatário, correção anual do valor da locação pelo IGP-M.
08.417.532/0001-30;2016-12-31;1;Posto de Combustível;Contratos de locação típicos, com prazo de 5 (cinco) anos, multa rescisória, necessidade de aviso prévio para rescisão contratual pelo o locatário, correção anual do valor da locação pelo IGP-M.
08.417.532/0001-30;2016-12-31;1;Posto de Combustível;Contratos de locação típicos, com prazo de 5 (cinco) anos, multa rescisória, necessidade de aviso prévio para rescisão contratual pelo o locatário, correção anual do valor da locação pelo IGP-M.
08.417.532/0001-30;2016-12-31;1;Posto de Combustível;Contratos de locação típicos, com prazo de 5 (cinco) anos, multa rescisória, necessidade de aviso prévio para rescisão contratual pelo o locatário, correção anual do valor da locação pelo IGP-M.
08.417.532/0001-30;2016-12-31;1;Posto de Combustível;Contratos de locação típicos, com prazo de 5 (cinco) anos, multa rescisória, necessidade de aviso prévio para rescisão contratual pelo o locatário, correção anual do valor da locação pelo IGP-M.
08.417.532/0001-30;2016-12-31;1;Posto de Combustível;Contratos de locação típicos, com prazo de 5 (cinco) anos, multa rescisória, necessidade de aviso prévio para rescisão contratual pelo o locatário, correção anual do valor da locação pelo IGP-M.
08.417.532/0001-30;2016-12-31;1;Posto de Combustível;Contratos de locação típicos, com prazo de 5 (cinco) anos, multa rescisória, necessidade de aviso prévio para rescisão contratual pelo o locatário, correção anual do valor da locação pelo IGP-M.
08.431.747/0001-06;2016-12-31;1;-;-
08.693.497/0001-82;2016-12-31;1;não há;não há
08.696.175/0001-97;2016-12-31;1;Ambev;Pagamento anual do aluguel em Janeiro.
08.696.175/0001-97;2016-12-31;1;Barry;Não Aplicável.
08.696.175/0001-97;2016-12-31;1;C&A;Não Aplicável.
08.696.175/0001-97;2016-12-31;1;Danfoss;Não Aplicável.
08.696.175/0001-97;2016-12-31;1;Leader Nova Iguaçu;Não Aplicável.
08.696.175/0001-97;2016-12-31;1;Magazine;Não Aplicável.
08.696.175/0001-97;2016-12-31;1;Telha Norte;Não Aplicável.
08.706.065/0001-69;2016-12-31;3;Ibis Styles Faria Lima;Não possui caracteristicas que destoem dos demais
08.706.065/0001-69;2016-12-31;3;Ibis Congonhas;Não possui caracteristicas que destoem dos demais
08.706.065/0001-69;2016-12-31;3;Comfort Nova Paulista;Não possui caracteristicas que destoem dos demais
08.706.065/0001-69;2016-12-31;3;Tryp Itaim;Não possui caracteristicas que destoem dos demais
08.706.065/0001-69;2016-12-31;3;Intercity Premium Berrini;Não possui caracteristicas que destoem dos demais
08.706.065/0001-69;2016-12-31;3;Meliá Jardim Europa;Não possui caracteristicas que destoem dos demais
08.706.065/0001-69;2016-12-31;3;Ibis São Paulo Paulista;Não possui caracteristicas que destoem dos demais
08.706.065/0001-69;2016-12-31;3;Blue Tree Faria Lima;Não possui caracteristicas que destoem dos demais
08.706.065/0001-69;2016-12-31;3;Ibis Budget Paulista;Não possui caracteristicas que destoem dos demais
08.706.065/0001-69;2016-12-31;3;Tryp Berrini;Não possui caracteristicas que destoem dos demais
08.706.065/0001-69;2016-12-31;3;Tryp Iguatemi;Não possui caracteristicas que destoem dos demais
08.706.065/0001-69;2016-12-31;3;Wyndham Berrini;Não possui caracteristicas que destoem dos demais
08.706.065/0001-69;2016-12-31;3;Intercity Premium Ibirapuera;Não possui caracteristicas que destoem dos demais
08.706.065/0001-69;2016-12-31;3;Ibis Budget Jardins;Não possui caracteristicas que destoem dos demais
08.706.065/0001-69;2016-12-31;3;Estanplaza Nações Unidas;Não possui caracteristicas que destoem dos demais
08.706.065/0001-69;2016-12-31;3;Quality Jardins;Não possui caracteristicas que destoem dos demais
08.706.065/0001-69;2016-12-31;3;Estanplaza Ibirapuera;Não possui caracteristicas que destoem dos demais
08.706.065/0001-69;2016-12-31;3;Intercity Nações Unidas;Não possui caracteristicas que destoem dos demais
08.706.065/0001-69;2016-12-31;3;Gran Estanplaza;Não possui caracteristicas que destoem dos demais
08.706.065/0001-69;2016-12-31;3;Tryp Paulista;Não possui caracteristicas que destoem dos demais
08.706.065/0001-69;2016-12-31;3;Estanplaza Berrini;Não possui caracteristicas que destoem dos demais
08.706.065/0001-69;2016-12-31;3;Estanplaza International;Não possui caracteristicas que destoem dos demais
08.706.065/0001-69;2016-12-31;3;Staybridge Suites São Paulo;Não possui caracteristicas que destoem dos demais
08.924.783/0001-01;2016-12-31;2;Centro Empresarial Barra Shopping;Não possui caracteristicas que destoem dos demais
08.924.783/0001-01;2016-12-31;2;Flamengo Park Towers;Não possui caracteristicas que destoem dos demais
08.924.783/0001-01;2016-12-31;2;Edifício Eldorado Business Tower;Não possui caracteristicas que destoem dos demais
08.924.783/0001-01;2016-12-31;2;Edifício Volkswagen;Não possui caracteristicas que destoem dos demais
08.924.783/0001-01;2016-12-31;2;Centro Empresarial Transatlantico;Não possui caracteristicas que destoem dos demais
08.924.783/0001-01;2016-12-31;2;Edifício Cargill;Não possui caracteristicas que destoem dos demais
08.924.783/0001-01;2016-12-31;2;Edifício Burity;Não possui caracteristicas que destoem dos demais
09.006.914/0001-34;2016-12-31;1;Não se aplica .;Não se aplica.
09.072.017/0001-29;2016-12-31;2;-;-
09.150.967/0001-24;2016-12-31;1;Rua Antonio Utrila, 349 - Guarulhos;Contrato de Locação vigente até 31/03/2023.
09.150.967/0001-24;2016-12-31;1;Rodovia Presidente Dutra, km 53 - Lorena;Imóvel desocupado.
09.150.967/0001-24;2016-12-31;1;Avenida Dr. Rudge Ramos, 1.501 -SBC;Contrato de Locação vigente até 25/10/2027.
09.276.964/0001-31;2016-12-31;2;Edifício Commercial Brascan Century Plaza;Não possui caracteristicas que destoem dos demais
09.326.861/0001-39;2016-12-31;3;Shopping West Plaza;Não possui caracteristicas que destoem dos demais
09.350.920/0001-04;2016-12-31;1;Indianópolis;Demais cláusulas são confidenciais.
09.350.920/0001-04;2016-12-31;1;Muniz Barreto;Demais cláusulas são confidenciais.
09.350.920/0001-04;2016-12-31;1;Marquês de Olinda, 51;Demais cláusulas são confidenciais.
09.350.920/0001-04;2016-12-31;1;Marquês de Olinda, 70;Demais cláusulas são confidenciais.
10.347.985/0001-80;2016-12-31;1;Cidade Jardim Continental Tower;Os itens citados tem a mesma característica em todos os contratos.
10.375.382/0001-91;2016-12-31;2;Florianópolis Shopping Center;Não possui caracteristicas que destoem dos demais
10.427.246/0001-06;2016-12-31;2;Brazilian Financial Center;Não possui caracteristicas que destoem dos demais
10.427.246/0001-06;2016-12-31;2;Edificio Torre Almirante;Não possui caracteristicas que destoem dos demais
10.456.810/0001-00;2016-12-31;4;ED. BERRINI 1511;Contratos de locação típicos, com prazo de 5 (cinco) anos, multa rescisória, necessidade de aviso prévio para rescisão contratual pelo o locatário, correção anual do valor da locação pelo IGP-M.
10.456.810/0001-00;2016-12-31;4;ED. TORRE SUL;Contratos de locação típicos, com prazo de 5 (cinco) anos, multa rescisória, necessidade de aviso prévio para rescisão contratual pelo o locatário, correção anual do valor da locação pelo IGP-M.
10.456.810/0001-00;2016-12-31;4;ED. PEDRA GRANDE;Contratos de locação típicos, com prazo de 5 (cinco) anos, multa rescisória, necessidade de aviso prévio para rescisão contratual pelo o locatário, correção anual do valor da locação pelo IGP-M.
10.456.810/0001-00;2016-12-31;4;ED. BRASILINTERPART;Contratos de locação típicos, com prazo de 5 (cinco) anos, multa rescisória, necessidade de aviso prévio para rescisão contratual pelo o locatário, correção anual do valor da locação pelo IGP-M.
10.456.810/0001-00;2016-12-31;4;ED. NAÇÕES UNIDAS;Contratos de locação típicos, com prazo de 5 (cinco) anos, multa rescisória, necessidade de aviso prévio para rescisão contratual pelo o locatário, correção anual do valor da locação pelo IGP-M.
10.456.810/0001-00;2016-12-31;4;ED. PLATINUM;Contratos de locação típicos, com prazo de 5 (cinco) anos, multa rescisória, necessidade de aviso prévio para rescisão contratual pelo o locatário, correção anual do valor da locação pelo IGP-M.
10.522.648/0001-81;2016-12-31;1;Bay View;Aviso prédio de 90 dias e devolução dos descontos e carência em caso de rescisão antecipada.  
10.522.648/0001-81;2016-12-31;1;ANM Retrofit;Prazo inferior. Devolução de carência em caso de rescisão antecipada, sem isentar a multa por rescisão. Após determinado prazo e desde que cumprido aviso prévio, a devolução da carência é isentada.
10.869.155/0001-12;2016-12-31;2;Parque Dom Pedro Shopping;Não possui caracteristicas que destoem dos demais
10.993.386/0001-33;2016-12-31;2;Edificio Castelo;Não possui caracteristicas que destoem dos demais
11.044.355/0001-07;2016-12-31;1;Centerminas (Supermercados BH, Petz, Decathlon, Lojas Rede);Presença de Cláusula estabelecendo valor máximo para o metro quadrado de condomínio. A cada doze meses de contrato o valor da contribuição dos encargos comuns é calculado. Caso exceda o estabelecido em contrato para essa rubrica, o valor excedente pode ser descontado do valor mensal cobrado a título de aluguel do mês de fechamento.
11.044.355/0001-07;2016-12-31;1;Centerminas (Lojas Americanas, De 01 a 99 Mais);Presença de Cláusula que prevê pagamento de aluguel na forma de CTO (Custo Total de Ocupação). No valor do CTO mensal previsto em contrato deverão ser descontadas todas as despesas do lojistas, tais como encargos comuns, Fundo de Promoção e Propaganda e Fundo de Reserva. As despesas específicas são cobradas separadamente e não são passíveis de desconto.
11.044.355/0001-07;2016-12-31;1;Centerminas (Petz, Quality Toner, Lojas Americanas, de 01 a 99 Mais e Quiosques);Presença de Cláusula que prevê pagamento de aluguel percentual sobre faturamento da loja do mês anterior. Além do pagamento de taxa mínima mensal a título de aluguel, será devido o pagamento de um percentual sobre o faturamento, caso este valor exceda o valor mínimo previsto em contrato.
11.179.118/0001-45;2016-12-31;2;Unidade de Valinhos;Não possui caracteristicas que destoem dos demais
11.179.118/0001-45;2016-12-31;2;Unidade de Leme;Não possui caracteristicas que destoem dos demais
11.179.118/0001-45;2016-12-31;2;Unidade de Taboao da Serra;Não possui caracteristicas que destoem dos demais
11.260.134/0001-68;2016-12-31;1;Rua Amauri, 255 - São Paulo - SP;Contrato atípico, sem direito a revisonal, reajustado por índice e com multa por rescisão antecipada referente a 40% do aluguel devido até o vencimento do contrato.
11.268.335/0001-01;2016-12-31;2;Sítio Porteira de Ferro;Há multa de 3 alugueis vigentes, a qual incorrerá a parte que infringir qualquer uma das cláusulas do contrato.
11.274.415/0001-70;2016-12-31;2;Lojas Americanas S.A;Não possui caracteristicas que destoem dos demais
11.274.415/0001-70;2016-12-31;2;Bompreço Supermercados do Nordeste Ltda;Não possui caracteristicas que destoem dos demais
11.274.415/0001-70;2016-12-31;2;Carrefour Comercio e Industria Ltda;Não possui caracteristicas que destoem dos demais
11.274.415/0001-70;2016-12-31;2;Lojas Americanas S.A - Belem;Não possui caracteristicas que destoem dos demais
11.274.415/0001-70;2016-12-31;2;Lojas Americanas S.A - Brasilia;Não possui caracteristicas que destoem dos demais
11.274.415/0001-70;2016-12-31;2;Lojas Americanas S.A - Nilopolis;Não possui caracteristicas que destoem dos demais
11.274.415/0001-70;2016-12-31;2;Lojas Americanas S.A - Taquatinga;Não possui caracteristicas que destoem dos demais
11.274.415/0001-70;2016-12-31;2;Lojas Americanas S.A - Maceio;Não possui caracteristicas que destoem dos demais
11.281.322/0001-72;2016-12-31;2;Edifício Torre Boa Vista;Para o imóvel Edifício Torre Boa Vista, encontra-se parcialmente locado. O presente contrato poderá ser rescindido por qualquer uma das partes mediante o pagamento da indenização prevista em contrato e desde que o interessado dê ciência à outra parte, por escrito, com antecedência mínima de 90 dias.
11.326.746/0001-06;2016-12-31;1;Imóvel Sumaré  -  Rod. Anhanguera, Km 106, sentido Campinas / Interior - Sumaré - SP;Contrato de locação para fins não residenciais - correção anual por IGPM
11.326.746/0001-06;2016-12-31;1;Imóvel Aricanduva - Rua Comendador Gil Pinheiro, 463 - Tatuapé - São Paulo - SP;Contrato de locação para fins não residenciais - correção anual por IGPM
11.326.746/0001-06;2016-12-31;1;Imóvel SJC - Rod. Presidente Dutra, esquina com a Avenida Cassiano Ricardo - Sâo Jose dos Campos - SP;Contrato de Locação Atipico - BTS  - correção anual por IGPM - 10% de multa por atraso nos pagamentos
11.326.746/0001-06;2016-12-31;1;Imóvel Guarulhos - Av. Sete de Sertembro, 1.796 - Vila Galvão - Guarulhos - SP;Contrato de locação para fins não residenciais - correção anual por IGPM
11.326.746/0001-06;2016-12-31;1;Imóvel Indaiatuba - Rua Tupinambás, 617, JD Guanabara - Indaiatuba - SP;Contrato de locação para fins não residenciais - correção anual por IGPM
11.326.746/0001-06;2016-12-31;1;Imóvel Jundiaí Cica - Rua Cica, nº 201, Vila Francisco Eber, Jundiai - SP.;Contrato de locação para fins não residenciais - correção anual por IGPM
11.602.654/0001-01;2016-12-31;2;Insper Instituto de Pesquisa;Não possui caracteristicas que destoem dos demais
11.728.688/0001-47;2016-12-31;1;-;-
11.839.593/0001-09;2016-12-31;1;CERATTI;TIPO AtípicoPRAZO 10 anosVENCIMENTO Jun/2024ÍNDICE DE REAJUSTE IGPMVALOR DO ALUGUEL ATUAL R$ 312.703,37R$/M2 R$ 22,58GARANTIA Não se Aplica
11.839.593/0001-09;2016-12-31;1;MAGNA;TIPO AtípicoPRAZO 10 anosVENCIMENTO Mar/2019ÍNDICE DE REAJUSTE IGPMVALOR DO ALUGUEL ATUAL R$ 233.617,87R$/M2 R$ 22,38GARANTIA Não se Aplica
11.839.593/0001-09;2016-12-31;1;ITAMBÉ;TIPO AtípicoPRAZO 10 anosVENCIMENTO Jun/2022ÍNDICE DE REAJUSTE IGPMVALOR DO ALUGUEL ATUAL R$ 231.262,74R$/M2 R$ 28,70GARANTIA Fiança Bancária
12.005.956/0001-65;2016-12-31;1;Não Há;Não Há
12.093.377/0001-11;2016-12-31;1;ED. VENTURA CORPORATE TOWERS - TORRE OESTE;Não possui caracteristicas que destoem dos demais
12.358.507/0001-09;2016-12-31;1;Nada consta;Nada consta
12.401.858/0001-47;2016-12-31;2;Condomínio WT Morumbi - Ala A;Não possui caracteristicas que destoem dos demais
12.516.185/0001-70;2016-12-31;1;Leblon;Compromisso de Venda e Compra - fração de 65,64 do imóvel
12.681.340/0001-04;2016-12-31;1;não há;não há
12.804.013/0001-00;2016-12-31;1;Nada;Nada
12.809.972/0001-00;2016-12-31;1;-;-
12.811.222/0001-73;2016-12-31;1;Imoveis para renda;Contrato de locação comercial.
12.887.506/0001-43;2016-12-31;1;Schahin;O contrato é reajusta anualmente em função da variação positiva do Índice de Preços ao Consumidor Amplo - IPCA/IBGE. Em caso de rescisão antecipada do contrato de locação, a locatária deverá pagar multa equivalente ao saldo restante de aluguéis, da data de rescisão ao termino do contrato.As obrigações contratuais são garantidas por seguro fiança de seguradora de primeira linha, com cobertura mínima de dezoito meses.A Locatária possui o direito de adquirir o imóvel, no período compreendido entre o segundo e decimo ano de locação, pelo valor do empreendimento corrigido pelo INCC/FGV e acrescido de uma taxa de 2% a.a.
12.887.506/0001-43;2016-12-31;1;Atmosfera;O contrato é reajusta anualmente em função da variação positiva do Índice Geral De Preços do Mercado - IGP-M/FGV. Em caso de rescisão antecipada do contrato de locação, nos cinco primeiros anos de contrato, a locatária está sujeita a multa relativo ao pagamento do saldo remanescente de alugueis até o sexagésimo mês de locação. Se a rescisão ocorrer após o sexagésimo mês, a locatária deverá pagar multa equivalente a seis meses de aluguel, proporcionais ao decurso do prazo de locação.As obrigações contratuais deverão ser garantidas, por seguro locatício de instituição de primeira linha, com cobertura equivalente a seis meses de locação.O contrato é, portanto, considerado atípico até o sexagésimo mês e típico após o sexagésimo primeiro mês.
12.887.506/0001-43;2016-12-31;1;Aspro;O contrato é reajusta anualmente em função da variação positiva do Índice de Preços ao Consumidor Amplo - IPCA/IBGE. Em caso de rescisão antecipada do contrato de locação a locatária deverá pagar multa equivalente ao saldo restante de aluguéis, da data de rescisão ao termino do contrato.As obrigações contratuais são garantidas por seguro fiança de seguradora de primeira linha, renovada anualmente pela locatária.
12.948.291/0001-23;2016-12-31;3;Ed. The One;Contratos de locação típicos, com prazo de 5 (cinco) anos, multa rescisória, necessidade de aviso prévio para rescisão contratual pelo o locatário, correção anual do valor da locação pelo IGP-M.
12.978.943/0001-72;2016-12-31;2;Av. Alexandre Colares, 1188, Parque Anhanguera, São Paulo/SP;Contrato Built to suit.
13.012.312/0001-67;2016-12-31;1;BR-163 km 95 a23 km do Centro de Rondonópolis;Contrato de Built To Suit
13.012.312/0001-67;2016-12-31;1;15 km de Araguari/MG;Contrato de Built To Suit
13.012.312/0001-67;2016-12-31;1;Rodovia Castelo Branco km 93,Sorocaba/SP;Contrato de Built To Suit
13.012.312/0001-67;2016-12-31;1;Rodovia Castelo Branco km 93,Sorocaba/SP;Contrato de Built To Suit
13.022.993/0001-44;2016-12-31;2;Edificio Faria Lima 4440;Não possui caracteristicas que destoem dos demais
13.022.994/0001-99;2016-12-31;1;Shopping Eldorado;Contratos típicos de 5 anos, ajustados anualmente pelo indíce IGP-DI com garantia de Fiadores.
13.125.823/0001-95;2016-12-31;1;Gleba G,;Contrato de locação comercial.
13.320.290/0001-00;2016-12-31;1;Todos Imóveis;Não apresentam características individuais
13.371.132/0001-71;2016-12-31;2;Ed. Praia de Botafogo;Reajuste anual por indexador de inflação, aviso prévio e multa proporcional ao período de cumprimento do contrato, direito de preferência e multa caso haja descumprimento do contrato
13.500.306/0001-59;2016-12-31;4;Edifício Sede;Os contratos de locação  dos imóveis do Fundo  preveem  período de garantia de permanência, multa rescisória, necessidade de aviso prévio para rescisão contratual pelo o locatário, correção anual do valor da locação pelo IGP-M.
13.500.306/0001-59;2016-12-31;4;Ed. Banco Mercantil;Os contratos de locação  dos imóveis do Fundo  preveem  período de garantia de permanência, multa rescisória, necessidade de aviso prévio para rescisão contratual pelo o locatário, correção anual do valor da locação pelo IGP-M.
13.500.306/0001-59;2016-12-31;4;Centro de Tecnologia;Não se aplica
13.551.286/0001-45;2016-12-31;2;Centro Empresarial de São Paulo;Não possui caracteristicas que destoem dos demais
13.568.181/0001-07;2016-12-31;2;CD Santa Cruz;Contrato de Locação vigente até 10/08/2024.
13.652.006/0001-95;2016-12-31;1;Shopping Sulacap - Avenida Marechal Fontenelle, 3545 - Rio de Janeiro, RJ;O Fundo tem por objeto adquirir e obter renda, mediante participação correspondente a 44% (quarenta e quatro por cento) no empreendimento imobiliário denominado Parque Shopping Sulacap. Foi constituído um Condomínio que por sua vez contrata os Prestadores de Serviços e celebra os contratos de locação.
13.703.596/0001-38;2016-12-31;1;Imovel 1;N/A
13.842.683/0001-76;2016-12-31;1;Edifício Itaim Business Center;A multa contratual pactuada entre as Partes, por descumprimento de qualquer cláusula ou condição do presente Contrato será equivalente a 01 (um) aluguel vigente à época da infração, salvo quando tal infração for objeto de multa específica estabelecida no presente contrato.
13.920.018/0001-53;2016-12-31;2;Imóvel 1;Rua Cica Nº 201 -Bairro das Pitangueiras - Jundiai - São Paulo
13.966.653/0001-71;2016-12-31;2;Thera Coporate;Não possui caracteristicas que destoem dos demais
13.974.819/0001-00;2016-12-31;2;Juiz de Fora;Contrato de locação para fins comerciais.
14.069.202/0001-02;2016-12-31;1;AQ³ LOG Taubaté;Firmado entre as partes
14.069.202/0001-02;2016-12-31;1;AQ³ Industrial - Nova Iguaçu;Firmado entre as partes
14.088.246/0001-71;2016-12-31;1;Shopping Center Pátio Belém;Convenção de condomínio com prazo indeterminado enquanto durar a co-propriedade.
14.149.745/0001-21;2016-12-31;1;Arena;Não se aplica
14.217.108/0001-45;2016-12-31;2;Rua Dona Francisca, 8300 - Distrito Industrial -  joinville - SC;Garantia Contratual - Titulo de Capitalização
14.376.247/0001-11;2016-12-31;2;Edificio Brascan Century Corporate - Bloco C;Não possui caracteristicas que destoem dos demais
14.376.247/0001-11;2016-12-31;2;Edificio Torre Rio Sul;Não possui caracteristicas que destoem dos demais
14.410.722/0001-29;2016-12-31;1;não há;não há
14.413.342/0001-48;2016-12-31;1;Ed. Canopus - Av. Tambore, 267 - Tamboré, Barueri - SP - 9º Andar - Unidade 91 - Bloco B;Contrato de Locação para Fins não Residenciais (Correção por IPCA)
14.413.342/0001-48;2016-12-31;1;Ed. Canopus - Av. Tambore, 267 - Tamboré, Barueri - SP - 14º Andar - Unidade 141 - Bloco B;Contrato de Locação para Fins não Residenciais (Correção anual por IPCA Permite Sublocação para empresas do mesmo Grupo Economico)
14.413.342/0001-48;2016-12-31;1;Ed. Canopus - Av. Tambore, 267 - Tamboré, Barueri - SP - 15º Andar - Unidade 151 - Bloco B;Contrato de Locação para Fins não Residenciais (Correção anual por IPCA Permite Sublocação para empresas do mesmo Grupo Economico)
14.413.342/0001-48;2016-12-31;1;Rua Campo Grande, 120 , Lote 08 do PAL 47.371 - Campo Grande - Rio de Janeiro - RJ;Contrato de Locação Atipico "built to suit" - BTS (Correção anual por IPCA)
14.631.148/0001-39;2016-12-31;1;-;-
14.721.889/0001-00;2016-12-31;1;Não se aplica.;Não se aplica.
14.733.211/0001-48;2016-12-31;1;Rua Manoel da Nobrega, 712, Centro, Diadema - SP;Os contratos serão reajustados com base na variação IGP-M
14.733.211/0001-48;2016-12-31;1;Avenida Brigadeiro Faria Lima, 3900 - 6º andar - conj. 601 e 18 vagas de garagens - São Paulo/SP;Os contratos serão reajustados com base na variação IGP-M
14.788.492/0001-36;2016-12-31;2;Ed. Vitor Malzoni - Torre Sul;Não possui caracteristicas que destoem dos demais
14.793.782/0001-78;2016-12-31;2;Edíficio Tenente Negrão;não há
14.793.782/0001-78;2016-12-31;2;Edifício Suarez Trade;não há
14.793.782/0001-78;2016-12-31;2;Edifício Empresarial Center I;não há
14.793.782/0001-78;2016-12-31;2;Edifício Emrpresarial Center II;não há
14.879.856/0001-93;2016-12-31;2;Shopping Jardim Sul;Não possui caracteristicas que destoem dos demais
15.006.267/0001-63;2016-12-31;2;GT Plaza;Não possui caracteristicas que destoem dos demais
15.006.267/0001-63;2016-12-31;2;Macaé;Não possui caracteristicas que destoem dos demais
15.006.286/0001-90;2016-12-31;2;Edificio Rio Negro;Os contratos são típicos, majoritariamente reajustados pelo IGPM e com prazo de 5 anos.
15.098.422/0001-19;2016-12-31;1;Imóvel 1;Contrato típico, com reajuste anual pelo IPCA
15.296.696/0001-12;2016-12-31;1;Vila Olímpia Corporate;Não Aplicável.
15.333.306/0001-37;2016-12-31;2;Edificio Galeria;Não possui caracteristicas que destoem dos demais
15.348.117/0001-38;2016-12-31;1;Imóveis comerciais;Contrato de locação comercial.
15.463.207/0001-70;2016-12-31;1;IMÓVEL 1;Estaleiro
15.489.509/0001-17;2016-12-31;1;Contratos de locações comerciais;Reajustes anual pelo IPCA
15.538.445/0001-05;2016-12-31;1;Edificio Comercial Belenzinho;N/A
15.538.445/0001-05;2016-12-31;1;Edificio Comercial Badaró;N/A
15.570.431/0001-60;2016-12-31;1;Arroio do Sal;Não Aplicável
15.570.431/0001-60;2016-12-31;1;Campina;Não Aplicável
15.570.431/0001-60;2016-12-31;1;Parobe;Não Aplicável
15.570.431/0001-60;2016-12-31;1;Scharlau;Não Aplicável
15.570.431/0001-60;2016-12-31;1;Padre Claret;Não Aplicável
15.570.431/0001-60;2016-12-31;1;Taquari;Não Aplicável
15.570.431/0001-60;2016-12-31;1;Tancredo Neves;Não Aplicável
15.570.431/0001-60;2016-12-31;1;Vacaria;Não Aplicável
15.570.431/0001-60;2016-12-31;1;Sao Gabriel;Não Aplicável
15.570.431/0001-60;2016-12-31;1;Camboim;Não Aplicável
15.570.431/0001-60;2016-12-31;1;Santa Rosa;Não Aplicável
15.570.431/0001-60;2016-12-31;1;Cassino;Não Aplicável
15.570.431/0001-60;2016-12-31;1;Belem Novo;Não Aplicável
15.570.431/0001-60;2016-12-31;1;General Camara;Não Aplicável
15.570.431/0001-60;2016-12-31;1;Quarai;Não Aplicável
15.570.431/0001-60;2016-12-31;1;Vila Ipiranga;Não Aplicável
15.570.431/0001-60;2016-12-31;1;Sapiranga;Não Aplicável
15.570.431/0001-60;2016-12-31;1;Cruz Alta;Não Aplicável
15.576.907/0001-70;2016-12-31;2;Os imóveis são locados para a Caixa Econômica Federal por meio de contratos de locação atípicos.;Prazo de 10 anos com multa rescisória equivalente ao decorrer do contrato. Demais cláusulas são confidenciais.
15.799.397/0001-09;2016-12-31;2;CEO Corporate Executive Offices;Não possui caracteristicas que destoem dos demais
15.862.591/0001-83;2016-12-31;1;Imóvel 1;Correia Vasques nº 250 com área total de 4755 m² - Cidade Nova - Rio de janeiro
16.671.412/0001-93;2016-12-31;3;Multimodal D Caxias;Os contratos são típicos de 5 anos, atualizados anualmente pela variação positiva do IGP-M. As demais cláusulas são confidenciais.
16.802.320/0001-03;2016-12-31;3;Ed. The Corporate Macaé;Contratos Típico e atípicos, com prazos de 120 meses, 118 meses e 110 meses, corrigidos anualmente pelo IGP-M.
16.915.840/0001-14;2016-12-31;3;Os imóveis são locados para o Banco Santander por meio de contratos de locação atípicos.;Prazo de 10 anos com multa rescisória equivalente ao decorrer do contrato. Demais cláusulas são confidenciais.
17.007.443/0001-07;2016-12-31;1;R. General Waldomiro de Lima, 508, Jabaquara, São Paulo - SP;Contrato de Locação vigente até 31/06/2021.
17.007.443/0001-07;2016-12-31;1;R. Castro Delgado, 188, Alto de Pinheiros, São Paulo - SP;Contrato de Locação vigente até 31/03/2019.
17.007.528/0001-95;2016-12-31;1;Casa Daros;Contrato de Longo prazo, único ocupante, imóvel Tombado pelo patrimonio público.
17.025.970/0001-44;2016-12-31;1;Hospital São Luiz - BLOCO A;N/A
17.025.970/0001-44;2016-12-31;1;Hospital São Luiz - BLOCO B;N/A
17.025.970/0001-44;2016-12-31;1;Hospital São Luiz - BLOCO C e E;N/A
17.025.970/0001-44;2016-12-31;1;Hospital São Luiz - BLOCO D;N/A
17.035.124/0001-05;2016-12-31;1;Ambev Santa Luzia/BH;Centro de Distribuição
17.035.124/0001-05;2016-12-31;1;Atento Santos/SP;Call Center
17.035.124/0001-05;2016-12-31;1;Atento Salvador/BA;Call Center
17.143.998/0001-86;2016-12-31;1;-;-
17.144.039/0001-85;2016-12-31;1;-;-
17.161.979/0001-82;2016-12-31;1;Ed.Prime Savassi, Rua Antonio de Albuquerque, 194 -  cj. 601  -Belo Horizonte / MG;Rescisão sem penalidade caso locadora ou acionistas realizem negocio juridico com concorrente ou com quaisquer terceiros que exponha informações confidenciais da locatária.
17.161.979/0001-82;2016-12-31;1;Ed.Berlioz, Rua Levindo Lopes, 258 Belo Horizonte  / MG;Rescisão mediante aviso previo de 60 dias, sem penalidade.
17.161.979/0001-82;2016-12-31;1;Ed.Renaissance, cj. 2300, Rua Paraiba, 550 23º and. Belo Horizonte / MG;Alugueis determinados do 1º ao 12, do 12º ao 24º, do 25º ao 36º e do 37º em diante, serão reajustados pelo IGPM. Carencia de 4 meses do pagamento do valor do  aluguel.
17.161.979/0001-82;2016-12-31;1;Ed.Renaissance, cj. 2300, Rua Paraiba, 550 23º and. Belo Horizonte / MG;Intenção de renovação deverá ser feita com 6 meses de antecedencia e o novo valor será acordado entre as partes. Intenção de sair antes do termino da locação deverá ser avisado com 120 dias de antecedencia e deverá ser depositado a multa proporcional.
17.282.011/0001-04;2016-12-31;1;Edifício Corporate Park;Não possui caracteristicas que destoem dos demais
17.324.357/0001-28;2016-12-31;1;N/A;N/A
17.331.883/0001-15;2016-12-31;1;Terminal Integrador de Santa Luzia;Obrigação Seguro Patrimonial.
17.365.105/0001-47;2016-12-31;2;Tower Bridge;Não possui caracteristicas que destoem dos demais
17.374.696/0001-19;2016-12-31;1;Edificio DOMO CORPORATE;Para casos de atraso no pagamento do aluguel:  multa contratual, Multa  Morátoria 10% e juros de 1% ao mês  e/ou Multa Morátoria 5%/ Indexadores IGP-M e IPCA, reajuste anual / em caso de rescisão unilateral,será cobrado o valor 12 alugueis.
17.554.274/0001-25;2016-12-31;2;Contratos comerciais;Contrato de locação comercial.
17.590.518/0001-25;2016-12-31;2;0;0
17.655.102/0001-48;2016-12-31;1;Imóveis para renda;Os imóveis não estão locados no momento.
17.655.115/0001-17;2016-12-31;2;Galpão Industrial Jaraguá do Sul;Contrato de locação comercial
17.655.115/0001-17;2016-12-31;2;Eluma;Contrato de locação comercial
17.655.115/0001-17;2016-12-31;2;MOT  -  Morumbi  Officer Tower;Contrato de locação comercial
17.655.122/0001-19;2016-12-31;1;Nada consta;Nada consta
17.854.016/0001-64;2016-12-31;1;Shopping Taboão Plaza Outlet;Não Aplicável.
18.259.637/0001-62;2016-12-31;1;Ed. Mario Garneiro - Torre Sul. 8º Andar;Vigência de 05 anos, a contar de 1 de maio de 2015, com término em maio 2020.
18.259.637/0001-62;2016-12-31;1;Ed. Mario Garneiro - Torre Sul. 8º Andar;Após o término, o contrato é prorrogado automaticamente por períodos de 12 meses sucessivos se qualquer das partes não declarar a intenção de rescindi-lo com antecedência mínima de trinta dias antes do término de qualquer período.
18.259.637/0001-62;2016-12-31;1;Ed. Mario Garneiro - Torre Sul. 8º Andar;Aluguel mensal será corrigido anualmente, pela variação do IGP-M/FGV, ou, em caso de supressão por seu substitutibo legal, que melhor refglita a inflação do período, a critério da locadora, adotando-se como data base o dia 01/04/205.
18.259.637/0001-62;2016-12-31;1;Ed. Mario Garneiro - Torre Sul. 8º Andar;A locadora poderá rescindir o presente contrato antes do término de sua vigência, após decorridos 02 (dois) anos contados de sua assinatura, sujeito, no entanto, ao pagamento de multa de R$ 250.000 devida pro data die, sendo reduzida proporcionalmente à parcela de vigência já cumprida do contrato.
18.259.637/0001-62;2016-12-31;1;Ed. Mario Garneiro - Torre Sul. 8º Andar;A infração de qualquer cláusula do contrato não corrigida pela parte ingratora no prazo de 10 dias após o recebimento de notificação pela outra parte nesse sentido, importará em rescisão da avança sem a necessidade de notificação ou interpelação judicial ou extrajudicial.
18.259.637/0001-62;2016-12-31;1;Ed. Mario Garneiro - Torre Sul. 8º Andar;Se o imóvel for alienado durante a vigência do contrato, a contratação acerca da locação do imovel subsistirá nos termos do presente contrato, comprometendo-se a locadora a incluir, em qualquer instrumento que venha a firmar com o adquirente, a obrigação deste útilmo de cumprir integralmente a avença locatícia aqui ajustada, sob pena de não o fazendo, incorrer no pagamento da multa contratual.
18.259.637/0001-62;2016-12-31;1;Ed. Mario Garneiro - Torre Sul. 8º Andar;Garantia do contrato é mantida pela fiança pessoal da sócia mojoritária da locatária, Rosely Cristina Marques Cruz.
18.265.829/0001-81;2016-12-31;1;Imóveis;Contrato de locação comercial.
18.289.950/0001-43;2016-12-31;1;MR SHAN BUSINESS OFFICES;O prazo do contrato de aluguel é de 7 (sete) anos, com início na data do início do aluguel. O reajuste será anualmente, utilizando-se o IGP-M (Índice Geral de Preços do Mercado).
18.308.516/0001-63;2016-12-31;1;Ibis Budget Curitiba Centro (10 apartamentos));N/A
18.308.516/0001-63;2016-12-31;1;Ibis Canoas (11 apartamentos);N/A
18.308.516/0001-63;2016-12-31;1;Novotel Porto Alegre Aeroporto (13 Apart);N/A
18.311.024/0001-27;2016-12-31;3;SHOPPING PÁTIO ALCÂNTARA;N/A
18.330.535/0001-96;2016-12-31;2;Shopping Praça Rio Grande;Os valores das locações são corrigidos pelo IPCA e/ou IGPM. Conforme a Escritura de Compra e Venda de 24 de setembro de 2014, a empresa vendedora do Empreendimento (5R Shopping Centers Ltda), se compromete a pagar mensalmente ao Fundo entre o período de Setembro de 2014 (data de aquisição) à Setembro de 2017, um Prêmio de Locação minimo equivalente ao valor pago pelo Fundo no Empreendimento.
18.579.302/0001-21;2016-12-31;1;Gleba G,;Contrato de locação comercial.
18.836.451/0001-29;2016-12-31;1;Imóvel 1;Localizado à em frente a Avenida Presidente Juscelino Kubitscheck (antiga Estrada União e Indústria) na Cidade de Belo Horizonte - MG, Área do Terreno: 3,600,00 m2
18.836.451/0001-29;2016-12-31;1;Imóvel 2;Localizado à nos lotes nº 12 e 13 do quarteirão nº 16, frente o lote nº 12 para rua  "J " e nº 13 para rua "H", correspondem o quarteirão nº 1 , Bairro Jardinópolis - MG, Área do Terreno: 350,00 m2
18.836.451/0001-29;2016-12-31;1;Imóvel 3;Localizado à em frente a Rua São Sebastião, parte do Lote nº 7 da quadra nº 7  no Bairro Vila São Francisco de Assis, Cidade de Belo Horizonte, Área Construida: 10 m (frente) e 30 m (fundos)
18.836.451/0001-29;2016-12-31;1;Imóvel 4;Localizado à na parte do lote nº 7 da quadra nº 7, confrantando de um lado com o lote nº 6 no Bairro Vila São Francisco de Assis, Cidade de Belo Horizonte - MG, Área ds Terreno: 10 m (frente) e 30 m (fundos)
18.836.451/0001-29;2016-12-31;1;Imóvel 5;Localizado à no lote nº 8 da quadra nº 7 no Bairro Vila São Francisco de Assis na Cidade de Belo Horizonte - MG, Área do Terreno: de acordo com a planta respectiva.
18.836.451/0001-29;2016-12-31;1;Imóvel 6;Localizado à no lote nº 9 da quadra nº 7 no Bairro Vila São Francisco de Assis na Cidade de Belo Horizonte - MG, Área do Terreno: de acordo com a planta respectiva
18.836.451/0001-29;2016-12-31;1;Imóvel 7;Localizado à nas Chácaras nº 4 (com frente a rodovia BR-040, Belo Horizonte - Brasilia) e Chácara nº 5 (esquina com a Rua "F" dividindo de um lado com a nº 4 e pelos fundos a nº 10) Cidade de Contagem - MG, Área do Terreno: 2.000,00 m2
18.874.965/0001-79;2016-12-31;1;Shopping Cidade;N/A
18.929.051/0001-68;2016-12-31;1;Gleba G,;Contrato de locação comercial.
18.929.353/0001-36;2016-12-31;1;Gleba G,;Contrato de locação comercial.
18.950.957/0001-64;2016-12-31;1;Linhares- ES;Contratos de Locação de longo prazo.
18.950.957/0001-64;2016-12-31;1;Lucas do Rio Verde - MT;Contratos de Locação de longo prazo.
18.950.957/0001-64;2016-12-31;1;Araucária - PR;Contratos de Locação de longo prazo.
18.950.957/0001-64;2016-12-31;1;Campo Grande - MS;Contratos de Locação de longo prazo.
18.950.957/0001-64;2016-12-31;1;Colombo- PR;Contratos de Locação de longo prazo.
18.950.957/0001-64;2016-12-31;1;Itajaí - SC;Contratos de Locação de longo prazo.
18.950.957/0001-64;2016-12-31;1;Ribeirão Preto - SP;Contratos de Locação de longo prazo.
18.950.957/0001-64;2016-12-31;1;São José - SC;Contratos de Locação de longo prazo.
18.950.957/0001-64;2016-12-31;1;Umuarama - PR;Contratos de Locação de longo prazo.
18.950.957/0001-64;2016-12-31;1;Parauapebas- PA;Contratos de Locação de longo prazo.
18.950.957/0001-64;2016-12-31;1;Hortolândia - SP;Contratos de Locação de longo prazo.
18.950.957/0001-64;2016-12-31;1;Petrolina - PE;Contratos de Locação de longo prazo.
18.950.957/0001-64;2016-12-31;1;Arapongas - PR;Contratos de Locação de longo prazo.
18.950.957/0001-64;2016-12-31;1;Vilhena - RO;Contratos de Locação de longo prazo.
19.239.245/0001-02;2016-12-31;1;FL 3500;Nada consta
19.249.956/0001-50;2016-12-31;1;Leblon Office Tower - 801;Não aplicável
19.249.956/0001-50;2016-12-31;1;Leblon Office Tower - 901;Não aplicável
19.267.845/0001-76;2016-12-31;1;Imóveis;Não se aplica
20.003.001/0001-05;2016-12-31;2;Ed. Artemis;Não possui caracteristicas que destoem dos demais
20.003.001/0001-05;2016-12-31;2;Tech Town;Não possui caracteristicas que destoem dos demais
20.003.001/0001-05;2016-12-31;2;Lojas Leader;Não possui caracteristicas que destoem dos demais
20.118.507/0001-51;2016-12-31;1;imóvel 1;Localizado à nos lotes nº 145 e 185  da quadra 3 do setor de armazenagem e abastecimento, medindo cada um 50,00 m2 (lados norte/sul) e 40 m2 (lados leste/oeste). Área do Terreno: 2.000,00 m2
20.118.507/0001-51;2016-12-31;1;imóvel 2;Localizado à nos lotes nº 145 e 185  da quadra 3 do setor de armazenagem e abastecimento, medindo cada um 50,00 m2 (lados norte/sul) e 40 m2 (lados leste/oeste). Área do Terreno: 2.000,00 m2
20.132.453/0001-89;2016-12-31;1;Bayer;Reajuste: IGPM + 4,5% a.a
20.132.453/0001-89;2016-12-31;1;Studio Dançart;Do lº (primeiro) ao 6º (sexto) mês de locação do presente contrato a LOCADORA concede ao LOCATÁRIO uma carência para o pagamento do custo total de ocupação, a contar-se-á da inauguração do ESPAÇO COMERCIAL.
20.132.453/0001-89;2016-12-31;1;Vinci Emporium;A locadora concede ao locatário uma carência para o pagamento do custo total de ocupação de 120 dias a contar-se do início do contrato em 01/06/16. Do fim da carência ao 60º mês de locação o presente contrato será cobrado através de custo de ocupação correspondente a R$ 3.500,00 nos meses 5,6,7,8,9 R$ 3.800,00 no meses 10,11, 12 e R$ 4.000,00 a partir do 13º mes.
20.680.775/0001-62;2016-12-31;2;Condomínio Edifício Praça Faria Lima;Não Possui caracteristicas que destoem dos demais
20.680.775/0001-62;2016-12-31;2;Edifício Aspen;Não Possui caracteristicas que destoem dos demais
20.680.775/0001-62;2016-12-31;2;Edifício Plaza I;Não Possui caracteristicas que destoem dos demais
20.680.775/0001-62;2016-12-31;2;Condomínio Edifício Paddock I;Não Possui caracteristicas que destoem dos demais
20.680.775/0001-62;2016-12-31;2;Riverside;Não Possui caracteristicas que destoem dos demais
20.680.775/0001-62;2016-12-31;2;Condomínio Vera Cruz II;Não Possui caracteristicas que destoem dos demais
20.680.775/0001-62;2016-12-31;2;Condomínio FL Faria Lima;Não Possui caracteristicas que destoem dos demais
20.680.775/0001-62;2016-12-31;2;Condomínio Edifício Capital Plaza;Não Possui caracteristicas que destoem dos demais
20.680.775/0001-62;2016-12-31;2;Concessionária;Não Possui caracteristicas que destoem dos demais
20.680.775/0001-62;2016-12-31;2;Prédio Santo Amaro;Não Possui caracteristicas que destoem dos demais
20.680.775/0001-62;2016-12-31;2;Cidade Jardim Corporate Center;Não Possui caracteristicas que destoem dos demais
20.680.775/0001-62;2016-12-31;2;JK1600;Não Possui caracteristicas que destoem dos demais
20.680.775/0001-62;2016-12-31;2;Condomínio FL Corporate;Não Possui caracteristicas que destoem dos demais
20.717.355/0001-03;2016-12-31;1;Praça Rio Grande Shopping;O imóvel foi adquirido pelo Fundo em 20 de outubro de 2014 mediante conferência 35% (trinta e cinco por cento) de bem imóvel denominado ("Praça Rio Grande Shopping Center") para integralização de cotas do Fundo, pelo valor certo e ajustado de R$ 9.513 (2014 de R$ 66.419) transmitindo-lhe, assim, desde já, todos os direitos e ações sobre a participação do Imóvel.
20.787.427/0001-99;2016-12-31;2;Hotel Indaiatuba Plaza;Não possui caracteristicas que destoem dos demais
21.044.600/0001-21;2016-12-31;1;Edifício Barão de Tefé;N/A
21.126.204/0001-43;2016-12-31;1;Loja 569;Contratos típicos de 5 anos, ajustados anualmente pelo indíce IGP-M com garantia de Fiadores.
21.126.204/0001-43;2016-12-31;1;Loja 10;Contratos típicos de 5 anos, ajustados anualmente pelo indíce IGP-M com garantia de Fiadores.
21.126.204/0001-43;2016-12-31;1;Escritório Central;Contratos típicos de 5 anos, ajustados anualmente pelo indíce IGP-M com garantia de Fiadores.
21.126.204/0001-43;2016-12-31;1;Escritório;Contratos típicos de 5 anos, ajustados anualmente pelo indíce IGP-M com garantia de Fiadores.
21.126.204/0001-43;2016-12-31;1;Loja 113;Contratos típicos de 5 anos, ajustados anualmente pelo indíce IGP-M com garantia de Fiadores.
21.126.204/0001-43;2016-12-31;1;Loja 515;Contratos típicos de 5 anos, ajustados anualmente pelo indíce IGP-M com garantia de Fiadores.
21.126.204/0001-43;2016-12-31;1;Loja 564;Contratos típicos de 5 anos, ajustados anualmente pelo indíce IGP-M com garantia de Fiadores.
21.126.204/0001-43;2016-12-31;1;Loja 51;Contratos típicos de 5 anos, ajustados anualmente pelo indíce IGP-M com garantia de Fiadores.
21.126.204/0001-43;2016-12-31;1;Loja 546;Contratos típicos de 5 anos, ajustados anualmente pelo indíce IGP-M com garantia de Fiadores.
21.126.204/0001-43;2016-12-31;1;Loja 518;Contratos típicos de 5 anos, ajustados anualmente pelo indíce IGP-M com garantia de Fiadores.
21.126.204/0001-43;2016-12-31;1;Loja 104;Contratos típicos de 5 anos, ajustados anualmente pelo indíce IGP-M com garantia de Fiadores.
21.126.204/0001-43;2016-12-31;1;Loja 550;Contratos típicos de 5 anos, ajustados anualmente pelo indíce IGP-M com garantia de Fiadores.
21.126.204/0001-43;2016-12-31;1;Loja 555;Contratos típicos de 5 anos, ajustados anualmente pelo indíce IGP-M com garantia de Fiadores.
21.126.204/0001-43;2016-12-31;1;Loja 591;Contratos típicos de 5 anos, ajustados anualmente pelo indíce IGP-M com garantia de Fiadores.
21.126.204/0001-43;2016-12-31;1;Loja 581;Contratos típicos de 5 anos, ajustados anualmente pelo indíce IGP-M com garantia de Fiadores.
21.126.204/0001-43;2016-12-31;1;Loja 54;Contratos típicos de 5 anos, ajustados anualmente pelo indíce IGP-M com garantia de Fiadores.
21.126.204/0001-43;2016-12-31;1;Loja 570;Contratos típicos de 5 anos, ajustados anualmente pelo indíce IGP-M com garantia de Fiadores.
21.126.204/0001-43;2016-12-31;1;Loja 47;Contratos típicos de 5 anos, ajustados anualmente pelo indíce IGP-M com garantia de Fiadores.
21.126.204/0001-43;2016-12-31;1;Loja 72;Contratos típicos de 5 anos, ajustados anualmente pelo indíce IGP-M com garantia de Fiadores.
21.126.204/0001-43;2016-12-31;1;Loja 506;Contratos típicos de 5 anos, ajustados anualmente pelo indíce IGP-M com garantia de Fiadores.
21.126.204/0001-43;2016-12-31;1;Loja 541;Contratos típicos de 5 anos, ajustados anualmente pelo indíce IGP-M com garantia de Fiadores.
21.126.204/0001-43;2016-12-31;1;Loja 574;Contratos típicos de 5 anos, ajustados anualmente pelo indíce IGP-M com garantia de Fiadores.
21.126.204/0001-43;2016-12-31;1;Loja 596;Contratos típicos de 5 anos, ajustados anualmente pelo indíce IGP-M com garantia de Fiadores.
21.126.204/0001-43;2016-12-31;1;Loja 543;Contratos típicos de 5 anos, ajustados anualmente pelo indíce IGP-M com garantia de Fiadores.
21.126.204/0001-43;2016-12-31;1;Loja 39;Contratos típicos de 5 anos, ajustados anualmente pelo indíce IGP-M com garantia de Fiadores.
21.126.204/0001-43;2016-12-31;1;Loja 184;Contratos típicos de 5 anos, ajustados anualmente pelo indíce IGP-M com garantia de Fiadores.
21.126.204/0001-43;2016-12-31;1;Loja 536;Contratos típicos de 5 anos, ajustados anualmente pelo indíce IGP-M com garantia de Fiadores.
21.126.204/0001-43;2016-12-31;1;Loja 536-B;Contratos típicos de 5 anos, ajustados anualmente pelo indíce IGP-M com garantia de Fiadores.
21.126.204/0001-43;2016-12-31;1;Loja 132;Contratos típicos de 5 anos, ajustados anualmente pelo indíce IGP-M com garantia de Fiadores.
21.126.204/0001-43;2016-12-31;1;Loja 504;Contratos típicos de 5 anos, ajustados anualmente pelo indíce IGP-M com garantia de Fiadores.
21.126.204/0001-43;2016-12-31;1;Loja 130;Contratos típicos de 5 anos, ajustados anualmente pelo indíce IGP-M com garantia de Fiadores.
21.126.204/0001-43;2016-12-31;1;Loja 98;Contratos típicos de 5 anos, ajustados anualmente pelo indíce IGP-M com garantia de Fiadores.
21.126.204/0001-43;2016-12-31;1;Loja 521;Contratos típicos de 5 anos, ajustados anualmente pelo indíce IGP-M com garantia de Fiadores.
21.126.204/0001-43;2016-12-31;1;Loja 11;Contratos típicos de 5 anos, ajustados anualmente pelo indíce IGP-M com garantia de Fiadores.
21.126.204/0001-43;2016-12-31;1;Loja 552;Contratos típicos de 5 anos, ajustados anualmente pelo indíce IGP-M com garantia de Fiadores.
21.126.204/0001-43;2016-12-31;1;Loja 582;Contratos típicos de 5 anos, ajustados anualmente pelo indíce IGP-M com garantia de Fiadores.
21.126.204/0001-43;2016-12-31;1;Loja RS-5;Contratos típicos de 5 anos, ajustados anualmente pelo indíce IGP-M com garantia de Fiadores.
21.126.204/0001-43;2016-12-31;1;Loja 22;Contratos típicos de 5 anos, ajustados anualmente pelo indíce IGP-M com garantia de Fiadores.
21.126.204/0001-43;2016-12-31;1;Loja 53;Contratos típicos de 5 anos, ajustados anualmente pelo indíce IGP-M com garantia de Fiadores.
21.126.204/0001-43;2016-12-31;1;Loja 529;Contratos típicos de 5 anos, ajustados anualmente pelo indíce IGP-M com garantia de Fiadores.
21.126.204/0001-43;2016-12-31;1;Loja 69;Contratos típicos de 5 anos, ajustados anualmente pelo indíce IGP-M com garantia de Fiadores.
21.126.204/0001-43;2016-12-31;1;Loja RS-10;Contratos típicos de 5 anos, ajustados anualmente pelo indíce IGP-M com garantia de Fiadores.
21.126.204/0001-43;2016-12-31;1;Loja 589;Contratos típicos de 5 anos, ajustados anualmente pelo indíce IGP-M com garantia de Fiadores.
21.126.204/0001-43;2016-12-31;1;Loja 561;Contratos típicos de 5 anos, ajustados anualmente pelo indíce IGP-M com garantia de Fiadores.
21.126.204/0001-43;2016-12-31;1;Loja 567;Contratos típicos de 5 anos, ajustados anualmente pelo indíce IGP-M com garantia de Fiadores.
21.126.204/0001-43;2016-12-31;1;Loja 528;Contratos típicos de 5 anos, ajustados anualmente pelo indíce IGP-M com garantia de Fiadores.
21.126.204/0001-43;2016-12-31;1;Loja 568;Contratos típicos de 5 anos, ajustados anualmente pelo indíce IGP-M com garantia de Fiadores.
21.126.204/0001-43;2016-12-31;1;Loja 120;Contratos típicos de 5 anos, ajustados anualmente pelo indíce IGP-M com garantia de Fiadores.
21.126.204/0001-43;2016-12-31;1;Loja 592;Contratos típicos de 5 anos, ajustados anualmente pelo indíce IGP-M com garantia de Fiadores.
21.126.204/0001-43;2016-12-31;1;Loja 66;Contratos típicos de 5 anos, ajustados anualmente pelo indíce IGP-M com garantia de Fiadores.
21.126.204/0001-43;2016-12-31;1;Loja 80;Contratos típicos de 5 anos, ajustados anualmente pelo indíce IGP-M com garantia de Fiadores.
21.126.204/0001-43;2016-12-31;1;Loja 91;Contratos típicos de 5 anos, ajustados anualmente pelo indíce IGP-M com garantia de Fiadores.
21.126.204/0001-43;2016-12-31;1;Loja 61;Contratos típicos de 5 anos, ajustados anualmente pelo indíce IGP-M com garantia de Fiadores.
21.126.204/0001-43;2016-12-31;1;Loja 60;Contratos típicos de 5 anos, ajustados anualmente pelo indíce IGP-M com garantia de Fiadores.
21.126.204/0001-43;2016-12-31;1;Loja PE-4;Contratos típicos de 5 anos, ajustados anualmente pelo indíce IGP-M com garantia de Fiadores.
21.126.204/0001-43;2016-12-31;1;Loja 551;Contratos típicos de 5 anos, ajustados anualmente pelo indíce IGP-M com garantia de Fiadores.
21.126.204/0001-43;2016-12-31;1;Loja PE-6;Contratos típicos de 5 anos, ajustados anualmente pelo indíce IGP-M com garantia de Fiadores.
21.126.204/0001-43;2016-12-31;1;Loja PE-7;Contratos típicos de 5 anos, ajustados anualmente pelo indíce IGP-M com garantia de Fiadores.
21.126.204/0001-43;2016-12-31;1;Loja 93;Contratos típicos de 5 anos, ajustados anualmente pelo indíce IGP-M com garantia de Fiadores.
21.126.204/0001-43;2016-12-31;1;Loja 512;Contratos típicos de 5 anos, ajustados anualmente pelo indíce IGP-M com garantia de Fiadores.
21.126.204/0001-43;2016-12-31;1;Loja 512-B;Contratos típicos de 5 anos, ajustados anualmente pelo indíce IGP-M com garantia de Fiadores.
21.126.204/0001-43;2016-12-31;1;Loja 512-C;Contratos típicos de 5 anos, ajustados anualmente pelo indíce IGP-M com garantia de Fiadores.
21.126.204/0001-43;2016-12-31;1;Loja 512-D;Contratos típicos de 5 anos, ajustados anualmente pelo indíce IGP-M com garantia de Fiadores.
21.126.204/0001-43;2016-12-31;1;Loja 517;Contratos típicos de 5 anos, ajustados anualmente pelo indíce IGP-M com garantia de Fiadores.
21.126.204/0001-43;2016-12-31;1;Loja 513;Contratos típicos de 5 anos, ajustados anualmente pelo indíce IGP-M com garantia de Fiadores.
21.126.204/0001-43;2016-12-31;1;Loja 558;Contratos típicos de 5 anos, ajustados anualmente pelo indíce IGP-M com garantia de Fiadores.
21.126.204/0001-43;2016-12-31;1;Loja 514;Contratos típicos de 5 anos, ajustados anualmente pelo indíce IGP-M com garantia de Fiadores.
21.126.204/0001-43;2016-12-31;1;Loja PA-1;Contratos típicos de 5 anos, ajustados anualmente pelo indíce IGP-M com garantia de Fiadores.
21.126.204/0001-43;2016-12-31;1;Loja 659;Contratos típicos de 5 anos, ajustados anualmente pelo indíce IGP-M com garantia de Fiadores.
21.126.204/0001-43;2016-12-31;1;Loja 659-B;Contratos típicos de 5 anos, ajustados anualmente pelo indíce IGP-M com garantia de Fiadores.
21.126.204/0001-43;2016-12-31;1;Loja 659-C;Contratos típicos de 5 anos, ajustados anualmente pelo indíce IGP-M com garantia de Fiadores.
21.126.204/0001-43;2016-12-31;1;Loja 659-D;Contratos típicos de 5 anos, ajustados anualmente pelo indíce IGP-M com garantia de Fiadores.
21.126.204/0001-43;2016-12-31;1;Loja 659-F;Contratos típicos de 5 anos, ajustados anualmente pelo indíce IGP-M com garantia de Fiadores.
21.126.204/0001-43;2016-12-31;1;Loja 659-G;Contratos típicos de 5 anos, ajustados anualmente pelo indíce IGP-M com garantia de Fiadores.
21.126.204/0001-43;2016-12-31;1;Loja 519;Contratos típicos de 5 anos, ajustados anualmente pelo indíce IGP-M com garantia de Fiadores.
21.126.204/0001-43;2016-12-31;1;Loja 87;Contratos típicos de 5 anos, ajustados anualmente pelo indíce IGP-M com garantia de Fiadores.
21.398.200/0001-14;2016-12-31;1;Gleba G,;Contrato de locação comercial.
21.408.063/0001-51;2016-12-31;1;Nada consta;Nada consta
21.500.481/0001-74;2016-12-31;1;Edifício Botafogo;Contrato de locação típico, com reajuste anual pelo IPCA.
21.500.500/0001-62;2016-12-31;1;não há;não há
21.826.249/0001-20;2016-12-31;2;N/A;N/A
21.917.235/0001-12;2016-12-31;1;Contratos comerciais;Contrato de locação comercial.
22.003.469/0001-17;2016-12-31;1;Imoveis comerciais e residenciais;Clausulas de reajustes anuais.
22.103.617/0001-75;2016-12-31;1;Gleba G,;Contrato de locação comercial.
22.340.978/0001-35;2016-12-31;1;0;0
22.684.264/0001-44;2016-12-31;1;Gleba G,;Contrato de locação comercial.
23.381.427/0001-82;2016-12-31;1;EMIS;Não aplicável
23.426.470/0001-17;2016-12-31;1;Gleba G,;Contrato de locação comercial.
23.532.837/0001-87;2016-12-31;1;N/A;N/A
23.533.796/0001-43;2016-12-31;1;N/A;N/A
23.537.203/0001-17;2016-12-31;1;N/A;N/A
23.538.112/0001-04;2016-12-31;1;N/A;N/A
23.570.871/0001-46;2016-12-31;1;N/A;N/A
23.582.914/0001-03;2016-12-31;1;N/A;N/A
23.781.211/0001-04;2016-12-31;1;Hospital Ifor;Contrato pelo prazo de 25 anos reajustado pelo IPCA
23.964.908/0001-10;2016-12-31;1;Imóveis;N/A
24.853.060/0001-15;2016-12-31;1;Saneamento Tocantins;Imóvel de locação comercial
97.521.194/0001-02;2016-12-31;1;CBP Ribeirão;Contrato de Build to Suit atípico com um dos inquilinos. Inquilino só pode sair se pagar todo o restante do contrato.
